{
    "r2_score": 0.7342620213302145,
    "rmse": 32.05158080563227,
    "mean_error": -13.037212177406893,
    "mean_abs_error": 19.353515685365476,
    "mean_abs_perc_error": 39.490190993865696
}
